Term,Short Definition,Full Definition,Example Usage,Tags
Synergy Loop,A trendy phrase meaning 'Synergy Loop' but with more corporate flair.,"Synergy Loop is a corporate buzzword used to sound forward-thinking and important. It often implies big change, innovation, or transformation, but usually means doing the same work with new labels. Executives love to use it in meetings to appear visionary while saying very little.",Let's leverage synergy loop next quarter to maximize impact and drive growth.,"corporate, strategy, management, buzzword"
Bandwidth Optimization,A trendy phrase meaning 'Bandwidth Optimization' but with more corporate flair.,"Bandwidth Optimization is a corporate buzzword used to sound forward-thinking and important. It often implies big change, innovation, or transformation, but usually means doing the same work with new labels. Executives love to use it in meetings to appear visionary while saying very little.",Let's leverage bandwidth optimization next quarter to maximize impact and drive growth.,"corporate, strategy, management, buzzword"
Growth Hacking,A trendy phrase meaning 'Growth Hacking' but with more corporate flair.,"Growth Hacking is a corporate buzzword used to sound forward-thinking and important. It often implies big change, innovation, or transformation, but usually means doing the same work with new labels. Executives love to use it in meetings to appear visionary while saying very little.",Let's leverage growth hacking next quarter to maximize impact and drive growth.,"corporate, strategy, management, buzzword"
Paradigm Shift,A trendy phrase meaning 'Paradigm Shift' but with more corporate flair.,"Paradigm Shift is a corporate buzzword used to sound forward-thinking and important. It often implies big change, innovation, or transformation, but usually means doing the same work with new labels. Executives love to use it in meetings to appear visionary while saying very little.",Let's leverage paradigm shift next quarter to maximize impact and drive growth.,"corporate, strategy, management, buzzword"
Deep Dive,A trendy phrase meaning 'Deep Dive' but with more corporate flair.,"Deep Dive is a corporate buzzword used to sound forward-thinking and important. It often implies big change, innovation, or transformation, but usually means doing the same work with new labels. Executives love to use it in meetings to appear visionary while saying very little.",Let's leverage deep dive next quarter to maximize impact and drive growth.,"corporate, strategy, management, buzzword"
Holistic Alignment,A trendy phrase meaning 'Holistic Alignment' but with more corporate flair.,"Holistic Alignment is a corporate buzzword used to sound forward-thinking and important. It often implies big change, innovation, or transformation, but usually means doing the same work with new labels. Executives love to use it in meetings to appear visionary while saying very little.",Let's leverage holistic alignment next quarter to maximize impact and drive growth.,"corporate, strategy, management, buzzword"
Circle Back,A trendy phrase meaning 'Circle Back' but with more corporate flair.,"Circle Back is a corporate buzzword used to sound forward-thinking and important. It often implies big change, innovation, or transformation, but usually means doing the same work with new labels. Executives love to use it in meetings to appear visionary while saying very little.",Let's leverage circle back next quarter to maximize impact and drive growth.,"corporate, strategy, management, buzzword"
Low-Hanging Fruit,A trendy phrase meaning 'Low-Hanging Fruit' but with more corporate flair.,"Low-Hanging Fruit is a corporate buzzword used to sound forward-thinking and important. It often implies big change, innovation, or transformation, but usually means doing the same work with new labels. Executives love to use it in meetings to appear visionary while saying very little.",Let's leverage low-hanging fruit next quarter to maximize impact and drive growth.,"corporate, strategy, management, buzzword"
Leverage Ecosystem,A trendy phrase meaning 'Leverage Ecosystem' but with more corporate flair.,"Leverage Ecosystem is a corporate buzzword used to sound forward-thinking and important. It often implies big change, innovation, or transformation, but usually means doing the same work with new labels. Executives love to use it in meetings to appear visionary while saying very little.",Let's leverage leverage ecosystem next quarter to maximize impact and drive growth.,"corporate, strategy, management, buzzword"
Fail Forward,A trendy phrase meaning 'Fail Forward' but with more corporate flair.,"Fail Forward is a corporate buzzword used to sound forward-thinking and important. It often implies big change, innovation, or transformation, but usually means doing the same work with new labels. Executives love to use it in meetings to appear visionary while saying very little.",Let's leverage fail forward next quarter to maximize impact and drive growth.,"corporate, strategy, management, buzzword"
Move the Needle,A trendy phrase meaning 'Move the Needle' but with more corporate flair.,"Move the Needle is a corporate buzzword used to sound forward-thinking and important. It often implies big change, innovation, or transformation, but usually means doing the same work with new labels. Executives love to use it in meetings to appear visionary while saying very little.",Let's leverage move the needle next quarter to maximize impact and drive growth.,"corporate, strategy, management, buzzword"
Touch Base,A trendy phrase meaning 'Touch Base' but with more corporate flair.,"Touch Base is a corporate buzzword used to sound forward-thinking and important. It often implies big change, innovation, or transformation, but usually means doing the same work with new labels. Executives love to use it in meetings to appear visionary while saying very little.",Let's leverage touch base next quarter to maximize impact and drive growth.,"corporate, strategy, management, buzzword"
Blue Sky Thinking,A trendy phrase meaning 'Blue Sky Thinking' but with more corporate flair.,"Blue Sky Thinking is a corporate buzzword used to sound forward-thinking and important. It often implies big change, innovation, or transformation, but usually means doing the same work with new labels. Executives love to use it in meetings to appear visionary while saying very little.",Let's leverage blue sky thinking next quarter to maximize impact and drive growth.,"corporate, strategy, management, buzzword"
Boil the Ocean,A trendy phrase meaning 'Boil the Ocean' but with more corporate flair.,"Boil the Ocean is a corporate buzzword used to sound forward-thinking and important. It often implies big change, innovation, or transformation, but usually means doing the same work with new labels. Executives love to use it in meetings to appear visionary while saying very little.",Let's leverage boil the ocean next quarter to maximize impact and drive growth.,"corporate, strategy, management, buzzword"
Scalable Solutions,A trendy phrase meaning 'Scalable Solutions' but with more corporate flair.,"Scalable Solutions is a corporate buzzword used to sound forward-thinking and important. It often implies big change, innovation, or transformation, but usually means doing the same work with new labels. Executives love to use it in meetings to appear visionary while saying very little.",Let's leverage scalable solutions next quarter to maximize impact and drive growth.,"corporate, strategy, management, buzzword"
Innovation Pipeline,A trendy phrase meaning 'Innovation Pipeline' but with more corporate flair.,"Innovation Pipeline is a corporate buzzword used to sound forward-thinking and important. It often implies big change, innovation, or transformation, but usually means doing the same work with new labels. Executives love to use it in meetings to appear visionary while saying very little.",Let's leverage innovation pipeline next quarter to maximize impact and drive growth.,"corporate, strategy, management, buzzword"
Pivot Strategy,A trendy phrase meaning 'Pivot Strategy' but with more corporate flair.,"Pivot Strategy is a corporate buzzword used to sound forward-thinking and important. It often implies big change, innovation, or transformation, but usually means doing the same work with new labels. Executives love to use it in meetings to appear visionary while saying very little.",Let's leverage pivot strategy next quarter to maximize impact and drive growth.,"corporate, strategy, management, buzzword"
North Star Metric,A trendy phrase meaning 'North Star Metric' but with more corporate flair.,"North Star Metric is a corporate buzzword used to sound forward-thinking and important. It often implies big change, innovation, or transformation, but usually means doing the same work with new labels. Executives love to use it in meetings to appear visionary while saying very little.",Let's leverage north star metric next quarter to maximize impact and drive growth.,"corporate, strategy, management, buzzword"
Ecosystem Play,A trendy phrase meaning 'Ecosystem Play' but with more corporate flair.,"Ecosystem Play is a corporate buzzword used to sound forward-thinking and important. It often implies big change, innovation, or transformation, but usually means doing the same work with new labels. Executives love to use it in meetings to appear visionary while saying very little.",Let's leverage ecosystem play next quarter to maximize impact and drive growth.,"corporate, strategy, management, buzzword"
Omnichannel Synergy,A trendy phrase meaning 'Omnichannel Synergy' but with more corporate flair.,"Omnichannel Synergy is a corporate buzzword used to sound forward-thinking and important. It often implies big change, innovation, or transformation, but usually means doing the same work with new labels. Executives love to use it in meetings to appear visionary while saying very little.",Let's leverage omnichannel synergy next quarter to maximize impact and drive growth.,"corporate, strategy, management, buzzword"
Value-Add,A trendy phrase meaning 'Value-Add' but with more corporate flair.,"Value-Add is a corporate buzzword used to sound forward-thinking and important. It often implies big change, innovation, or transformation, but usually means doing the same work with new labels. Executives love to use it in meetings to appear visionary while saying very little.",Let's leverage value-add next quarter to maximize impact and drive growth.,"corporate, strategy, management, buzzword"
Right-Sizing,A trendy phrase meaning 'Right-Sizing' but with more corporate flair.,"Right-Sizing is a corporate buzzword used to sound forward-thinking and important. It often implies big change, innovation, or transformation, but usually means doing the same work with new labels. Executives love to use it in meetings to appear visionary while saying very little.",Let's leverage right-sizing next quarter to maximize impact and drive growth.,"corporate, strategy, management, buzzword"
Disruptive Innovation,A trendy phrase meaning 'Disruptive Innovation' but with more corporate flair.,"Disruptive Innovation is a corporate buzzword used to sound forward-thinking and important. It often implies big change, innovation, or transformation, but usually means doing the same work with new labels. Executives love to use it in meetings to appear visionary while saying very little.",Let's leverage disruptive innovation next quarter to maximize impact and drive growth.,"corporate, strategy, management, buzzword"
Digital Transformation,A trendy phrase meaning 'Digital Transformation' but with more corporate flair.,"Digital Transformation is a corporate buzzword used to sound forward-thinking and important. It often implies big change, innovation, or transformation, but usually means doing the same work with new labels. Executives love to use it in meetings to appear visionary while saying very little.",Let's leverage digital transformation next quarter to maximize impact and drive growth.,"corporate, strategy, management, buzzword"
Agile Mindset,A trendy phrase meaning 'Agile Mindset' but with more corporate flair.,"Agile Mindset is a corporate buzzword used to sound forward-thinking and important. It often implies big change, innovation, or transformation, but usually means doing the same work with new labels. Executives love to use it in meetings to appear visionary while saying very little.",Let's leverage agile mindset next quarter to maximize impact and drive growth.,"corporate, strategy, management, buzzword"
Action Items,A trendy phrase meaning 'Action Items' but with more corporate flair.,"Action Items is a corporate buzzword used to sound forward-thinking and important. It often implies big change, innovation, or transformation, but usually means doing the same work with new labels. Executives love to use it in meetings to appear visionary while saying very little.",Let's leverage action items next quarter to maximize impact and drive growth.,"corporate, strategy, management, buzzword"
Change Agent,A trendy phrase meaning 'Change Agent' but with more corporate flair.,"Change Agent is a corporate buzzword used to sound forward-thinking and important. It often implies big change, innovation, or transformation, but usually means doing the same work with new labels. Executives love to use it in meetings to appear visionary while saying very little.",Let's leverage change agent next quarter to maximize impact and drive growth.,"corporate, strategy, management, buzzword"
Tiger Team,A trendy phrase meaning 'Tiger Team' but with more corporate flair.,"Tiger Team is a corporate buzzword used to sound forward-thinking and important. It often implies big change, innovation, or transformation, but usually means doing the same work with new labels. Executives love to use it in meetings to appear visionary while saying very little.",Let's leverage tiger team next quarter to maximize impact and drive growth.,"corporate, strategy, management, buzzword"
War Room,A trendy phrase meaning 'War Room' but with more corporate flair.,"War Room is a corporate buzzword used to sound forward-thinking and important. It often implies big change, innovation, or transformation, but usually means doing the same work with new labels. Executives love to use it in meetings to appear visionary while saying very little.",Let's leverage war room next quarter to maximize impact and drive growth.,"corporate, strategy, management, buzzword"
Mission Critical,A trendy phrase meaning 'Mission Critical' but with more corporate flair.,"Mission Critical is a corporate buzzword used to sound forward-thinking and important. It often implies big change, innovation, or transformation, but usually means doing the same work with new labels. Executives love to use it in meetings to appear visionary while saying very little.",Let's leverage mission critical next quarter to maximize impact and drive growth.,"corporate, strategy, management, buzzword"
Stakeholder Buy-In,A trendy phrase meaning 'Stakeholder Buy-In' but with more corporate flair.,"Stakeholder Buy-In is a corporate buzzword used to sound forward-thinking and important. It often implies big change, innovation, or transformation, but usually means doing the same work with new labels. Executives love to use it in meetings to appear visionary while saying very little.",Let's leverage stakeholder buy-in next quarter to maximize impact and drive growth.,"corporate, strategy, management, buzzword"
Monetize Attention,A trendy phrase meaning 'Monetize Attention' but with more corporate flair.,"Monetize Attention is a corporate buzzword used to sound forward-thinking and important. It often implies big change, innovation, or transformation, but usually means doing the same work with new labels. Executives love to use it in meetings to appear visionary while saying very little.",Let's leverage monetize attention next quarter to maximize impact and drive growth.,"corporate, strategy, management, buzzword"
Big Data Play,A trendy phrase meaning 'Big Data Play' but with more corporate flair.,"Big Data Play is a corporate buzzword used to sound forward-thinking and important. It often implies big change, innovation, or transformation, but usually means doing the same work with new labels. Executives love to use it in meetings to appear visionary while saying very little.",Let's leverage big data play next quarter to maximize impact and drive growth.,"corporate, strategy, management, buzzword"
Cloud-Native,A trendy phrase meaning 'Cloud-Native' but with more corporate flair.,"Cloud-Native is a corporate buzzword used to sound forward-thinking and important. It often implies big change, innovation, or transformation, but usually means doing the same work with new labels. Executives love to use it in meetings to appear visionary while saying very little.",Let's leverage cloud-native next quarter to maximize impact and drive growth.,"corporate, strategy, management, buzzword"
Hyperautomation,A trendy phrase meaning 'Hyperautomation' but with more corporate flair.,"Hyperautomation is a corporate buzzword used to sound forward-thinking and important. It often implies big change, innovation, or transformation, but usually means doing the same work with new labels. Executives love to use it in meetings to appear visionary while saying very little.",Let's leverage hyperautomation next quarter to maximize impact and drive growth.,"corporate, strategy, management, buzzword"
Generative AI Integration,A trendy phrase meaning 'Generative AI Integration' but with more corporate flair.,"Generative AI Integration is a corporate buzzword used to sound forward-thinking and important. It often implies big change, innovation, or transformation, but usually means doing the same work with new labels. Executives love to use it in meetings to appear visionary while saying very little.",Let's leverage generative ai integration next quarter to maximize impact and drive growth.,"corporate, strategy, management, buzzword"
Web3 Readiness,A trendy phrase meaning 'Web3 Readiness' but with more corporate flair.,"Web3 Readiness is a corporate buzzword used to sound forward-thinking and important. It often implies big change, innovation, or transformation, but usually means doing the same work with new labels. Executives love to use it in meetings to appear visionary while saying very little.",Let's leverage web3 readiness next quarter to maximize impact and drive growth.,"corporate, strategy, management, buzzword"
Metaverse Strategy,A trendy phrase meaning 'Metaverse Strategy' but with more corporate flair.,"Metaverse Strategy is a corporate buzzword used to sound forward-thinking and important. It often implies big change, innovation, or transformation, but usually means doing the same work with new labels. Executives love to use it in meetings to appear visionary while saying very little.",Let's leverage metaverse strategy next quarter to maximize impact and drive growth.,"corporate, strategy, management, buzzword"
NFT Synergy,A trendy phrase meaning 'NFT Synergy' but with more corporate flair.,"NFT Synergy is a corporate buzzword used to sound forward-thinking and important. It often implies big change, innovation, or transformation, but usually means doing the same work with new labels. Executives love to use it in meetings to appear visionary while saying very little.",Let's leverage nft synergy next quarter to maximize impact and drive growth.,"corporate, strategy, management, buzzword"
Quantum Advantage,A trendy phrase meaning 'Quantum Advantage' but with more corporate flair.,"Quantum Advantage is a corporate buzzword used to sound forward-thinking and important. It often implies big change, innovation, or transformation, but usually means doing the same work with new labels. Executives love to use it in meetings to appear visionary while saying very little.",Let's leverage quantum advantage next quarter to maximize impact and drive growth.,"corporate, strategy, management, buzzword"
Blockchain-Enabled,A trendy phrase meaning 'Blockchain-Enabled' but with more corporate flair.,"Blockchain-Enabled is a corporate buzzword used to sound forward-thinking and important. It often implies big change, innovation, or transformation, but usually means doing the same work with new labels. Executives love to use it in meetings to appear visionary while saying very little.",Let's leverage blockchain-enabled next quarter to maximize impact and drive growth.,"corporate, strategy, management, buzzword"
Cross-Functional Teaming,A trendy phrase meaning 'Cross-Functional Teaming' but with more corporate flair.,"Cross-Functional Teaming is a corporate buzzword used to sound forward-thinking and important. It often implies big change, innovation, or transformation, but usually means doing the same work with new labels. Executives love to use it in meetings to appear visionary while saying very little.",Let's leverage cross-functional teaming next quarter to maximize impact and drive growth.,"corporate, strategy, management, buzzword"
Customer Obsession,A trendy phrase meaning 'Customer Obsession' but with more corporate flair.,"Customer Obsession is a corporate buzzword used to sound forward-thinking and important. It often implies big change, innovation, or transformation, but usually means doing the same work with new labels. Executives love to use it in meetings to appear visionary while saying very little.",Let's leverage customer obsession next quarter to maximize impact and drive growth.,"corporate, strategy, management, buzzword"
Voice of the Customer,A trendy phrase meaning 'Voice of the Customer' but with more corporate flair.,"Voice of the Customer is a corporate buzzword used to sound forward-thinking and important. It often implies big change, innovation, or transformation, but usually means doing the same work with new labels. Executives love to use it in meetings to appear visionary while saying very little.",Let's leverage voice of the customer next quarter to maximize impact and drive growth.,"corporate, strategy, management, buzzword"
Journey Mapping,A trendy phrase meaning 'Journey Mapping' but with more corporate flair.,"Journey Mapping is a corporate buzzword used to sound forward-thinking and important. It often implies big change, innovation, or transformation, but usually means doing the same work with new labels. Executives love to use it in meetings to appear visionary while saying very little.",Let's leverage journey mapping next quarter to maximize impact and drive growth.,"corporate, strategy, management, buzzword"
Frictionless Experience,A trendy phrase meaning 'Frictionless Experience' but with more corporate flair.,"Frictionless Experience is a corporate buzzword used to sound forward-thinking and important. It often implies big change, innovation, or transformation, but usually means doing the same work with new labels. Executives love to use it in meetings to appear visionary while saying very little.",Let's leverage frictionless experience next quarter to maximize impact and drive growth.,"corporate, strategy, management, buzzword"
Always-On Marketing,A trendy phrase meaning 'Always-On Marketing' but with more corporate flair.,"Always-On Marketing is a corporate buzzword used to sound forward-thinking and important. It often implies big change, innovation, or transformation, but usually means doing the same work with new labels. Executives love to use it in meetings to appear visionary while saying very little.",Let's leverage always-on marketing next quarter to maximize impact and drive growth.,"corporate, strategy, management, buzzword"
Personalization at Scale,A trendy phrase meaning 'Personalization at Scale' but with more corporate flair.,"Personalization at Scale is a corporate buzzword used to sound forward-thinking and important. It often implies big change, innovation, or transformation, but usually means doing the same work with new labels. Executives love to use it in meetings to appear visionary while saying very little.",Let's leverage personalization at scale next quarter to maximize impact and drive growth.,"corporate, strategy, management, buzzword"
Test-and-Learn Culture,A trendy phrase meaning 'Test-and-Learn Culture' but with more corporate flair.,"Test-and-Learn Culture is a corporate buzzword used to sound forward-thinking and important. It often implies big change, innovation, or transformation, but usually means doing the same work with new labels. Executives love to use it in meetings to appear visionary while saying very little.",Let's leverage test-and-learn culture next quarter to maximize impact and drive growth.,"corporate, strategy, management, buzzword"
Fail Fast,A trendy phrase meaning 'Fail Fast' but with more corporate flair.,"Fail Fast is a corporate buzzword used to sound forward-thinking and important. It often implies big change, innovation, or transformation, but usually means doing the same work with new labels. Executives love to use it in meetings to appear visionary while saying very little.",Let's leverage fail fast next quarter to maximize impact and drive growth.,"corporate, strategy, management, buzzword"
Business Agility,A trendy phrase meaning 'Business Agility' but with more corporate flair.,"Business Agility is a corporate buzzword used to sound forward-thinking and important. It often implies big change, innovation, or transformation, but usually means doing the same work with new labels. Executives love to use it in meetings to appear visionary while saying very little.",Let's leverage business agility next quarter to maximize impact and drive growth.,"corporate, strategy, management, buzzword"
Core Competency,A trendy phrase meaning 'Core Competency' but with more corporate flair.,"Core Competency is a corporate buzzword used to sound forward-thinking and important. It often implies big change, innovation, or transformation, but usually means doing the same work with new labels. Executives love to use it in meetings to appear visionary while saying very little.",Let's leverage core competency next quarter to maximize impact and drive growth.,"corporate, strategy, management, buzzword"
Best-in-Class,A trendy phrase meaning 'Best-in-Class' but with more corporate flair.,"Best-in-Class is a corporate buzzword used to sound forward-thinking and important. It often implies big change, innovation, or transformation, but usually means doing the same work with new labels. Executives love to use it in meetings to appear visionary while saying very little.",Let's leverage best-in-class next quarter to maximize impact and drive growth.,"corporate, strategy, management, buzzword"
Next-Gen Platform,A trendy phrase meaning 'Next-Gen Platform' but with more corporate flair.,"Next-Gen Platform is a corporate buzzword used to sound forward-thinking and important. It often implies big change, innovation, or transformation, but usually means doing the same work with new labels. Executives love to use it in meetings to appear visionary while saying very little.",Let's leverage next-gen platform next quarter to maximize impact and drive growth.,"corporate, strategy, management, buzzword"
Strategic Roadmap,A trendy phrase meaning 'Strategic Roadmap' but with more corporate flair.,"Strategic Roadmap is a corporate buzzword used to sound forward-thinking and important. It often implies big change, innovation, or transformation, but usually means doing the same work with new labels. Executives love to use it in meetings to appear visionary while saying very little.",Let's leverage strategic roadmap next quarter to maximize impact and drive growth.,"corporate, strategy, management, buzzword"
Ecosystem Orchestration,A trendy phrase meaning 'Ecosystem Orchestration' but with more corporate flair.,"Ecosystem Orchestration is a corporate buzzword used to sound forward-thinking and important. It often implies big change, innovation, or transformation, but usually means doing the same work with new labels. Executives love to use it in meetings to appear visionary while saying very little.",Let's leverage ecosystem orchestration next quarter to maximize impact and drive growth.,"corporate, strategy, management, buzzword"
Seamless Integration,A trendy phrase meaning 'Seamless Integration' but with more corporate flair.,"Seamless Integration is a corporate buzzword used to sound forward-thinking and important. It often implies big change, innovation, or transformation, but usually means doing the same work with new labels. Executives love to use it in meetings to appear visionary while saying very little.",Let's leverage seamless integration next quarter to maximize impact and drive growth.,"corporate, strategy, management, buzzword"
Outcome-Based Pricing,A trendy phrase meaning 'Outcome-Based Pricing' but with more corporate flair.,"Outcome-Based Pricing is a corporate buzzword used to sound forward-thinking and important. It often implies big change, innovation, or transformation, but usually means doing the same work with new labels. Executives love to use it in meetings to appear visionary while saying very little.",Let's leverage outcome-based pricing next quarter to maximize impact and drive growth.,"corporate, strategy, management, buzzword"
Win-Win Partnership,A trendy phrase meaning 'Win-Win Partnership' but with more corporate flair.,"Win-Win Partnership is a corporate buzzword used to sound forward-thinking and important. It often implies big change, innovation, or transformation, but usually means doing the same work with new labels. Executives love to use it in meetings to appear visionary while saying very little.",Let's leverage win-win partnership next quarter to maximize impact and drive growth.,"corporate, strategy, management, buzzword"
Unlock Value,A trendy phrase meaning 'Unlock Value' but with more corporate flair.,"Unlock Value is a corporate buzzword used to sound forward-thinking and important. It often implies big change, innovation, or transformation, but usually means doing the same work with new labels. Executives love to use it in meetings to appear visionary while saying very little.",Let's leverage unlock value next quarter to maximize impact and drive growth.,"corporate, strategy, management, buzzword"
Smart Automation,A trendy phrase meaning 'Smart Automation' but with more corporate flair.,"Smart Automation is a corporate buzzword used to sound forward-thinking and important. It often implies big change, innovation, or transformation, but usually means doing the same work with new labels. Executives love to use it in meetings to appear visionary while saying very little.",Let's leverage smart automation next quarter to maximize impact and drive growth.,"corporate, strategy, management, buzzword"
AI-First Strategy,A trendy phrase meaning 'AI-First Strategy' but with more corporate flair.,"AI-First Strategy is a corporate buzzword used to sound forward-thinking and important. It often implies big change, innovation, or transformation, but usually means doing the same work with new labels. Executives love to use it in meetings to appear visionary while saying very little.",Let's leverage ai-first strategy next quarter to maximize impact and drive growth.,"corporate, strategy, management, buzzword"
KPI Alignment,A trendy phrase meaning 'KPI Alignment' but with more corporate flair.,"KPI Alignment is a corporate buzzword used to sound forward-thinking and important. It often implies big change, innovation, or transformation, but usually means doing the same work with new labels. Executives love to use it in meetings to appear visionary while saying very little.",Let's leverage kpi alignment next quarter to maximize impact and drive growth.,"corporate, strategy, management, buzzword"
Data-Driven Storytelling,A trendy phrase meaning 'Data-Driven Storytelling' but with more corporate flair.,"Data-Driven Storytelling is a corporate buzzword used to sound forward-thinking and important. It often implies big change, innovation, or transformation, but usually means doing the same work with new labels. Executives love to use it in meetings to appear visionary while saying very little.",Let's leverage data-driven storytelling next quarter to maximize impact and drive growth.,"corporate, strategy, management, buzzword"
Thought Leadership,A trendy phrase meaning 'Thought Leadership' but with more corporate flair.,"Thought Leadership is a corporate buzzword used to sound forward-thinking and important. It often implies big change, innovation, or transformation, but usually means doing the same work with new labels. Executives love to use it in meetings to appear visionary while saying very little.",Let's leverage thought leadership next quarter to maximize impact and drive growth.,"corporate, strategy, management, buzzword"
Customer Centricity,A trendy phrase meaning 'Customer Centricity' but with more corporate flair.,"Customer Centricity is a corporate buzzword used to sound forward-thinking and important. It often implies big change, innovation, or transformation, but usually means doing the same work with new labels. Executives love to use it in meetings to appear visionary while saying very little.",Let's leverage customer centricity next quarter to maximize impact and drive growth.,"corporate, strategy, management, buzzword"
Omnichannel Activation,A trendy phrase meaning 'Omnichannel Activation' but with more corporate flair.,"Omnichannel Activation is a corporate buzzword used to sound forward-thinking and important. It often implies big change, innovation, or transformation, but usually means doing the same work with new labels. Executives love to use it in meetings to appear visionary while saying very little.",Let's leverage omnichannel activation next quarter to maximize impact and drive growth.,"corporate, strategy, management, buzzword"
Cross-Pollination,A trendy phrase meaning 'Cross-Pollination' but with more corporate flair.,"Cross-Pollination is a corporate buzzword used to sound forward-thinking and important. It often implies big change, innovation, or transformation, but usually means doing the same work with new labels. Executives love to use it in meetings to appear visionary while saying very little.",Let's leverage cross-pollination next quarter to maximize impact and drive growth.,"corporate, strategy, management, buzzword"
Innovation Sprint,A trendy phrase meaning 'Innovation Sprint' but with more corporate flair.,"Innovation Sprint is a corporate buzzword used to sound forward-thinking and important. It often implies big change, innovation, or transformation, but usually means doing the same work with new labels. Executives love to use it in meetings to appear visionary while saying very little.",Let's leverage innovation sprint next quarter to maximize impact and drive growth.,"corporate, strategy, management, buzzword"
Rapid Prototyping,A trendy phrase meaning 'Rapid Prototyping' but with more corporate flair.,"Rapid Prototyping is a corporate buzzword used to sound forward-thinking and important. It often implies big change, innovation, or transformation, but usually means doing the same work with new labels. Executives love to use it in meetings to appear visionary while saying very little.",Let's leverage rapid prototyping next quarter to maximize impact and drive growth.,"corporate, strategy, management, buzzword"
Pilot to Scale,A trendy phrase meaning 'Pilot to Scale' but with more corporate flair.,"Pilot to Scale is a corporate buzzword used to sound forward-thinking and important. It often implies big change, innovation, or transformation, but usually means doing the same work with new labels. Executives love to use it in meetings to appear visionary while saying very little.",Let's leverage pilot to scale next quarter to maximize impact and drive growth.,"corporate, strategy, management, buzzword"
Digital Twin,A trendy phrase meaning 'Digital Twin' but with more corporate flair.,"Digital Twin is a corporate buzzword used to sound forward-thinking and important. It often implies big change, innovation, or transformation, but usually means doing the same work with new labels. Executives love to use it in meetings to appear visionary while saying very little.",Let's leverage digital twin next quarter to maximize impact and drive growth.,"corporate, strategy, management, buzzword"
Zero-Trust Architecture,A trendy phrase meaning 'Zero-Trust Architecture' but with more corporate flair.,"Zero-Trust Architecture is a corporate buzzword used to sound forward-thinking and important. It often implies big change, innovation, or transformation, but usually means doing the same work with new labels. Executives love to use it in meetings to appear visionary while saying very little.",Let's leverage zero-trust architecture next quarter to maximize impact and drive growth.,"corporate, strategy, management, buzzword"
Resiliency Playbook,A trendy phrase meaning 'Resiliency Playbook' but with more corporate flair.,"Resiliency Playbook is a corporate buzzword used to sound forward-thinking and important. It often implies big change, innovation, or transformation, but usually means doing the same work with new labels. Executives love to use it in meetings to appear visionary while saying very little.",Let's leverage resiliency playbook next quarter to maximize impact and drive growth.,"corporate, strategy, management, buzzword"
Scalable Innovation,A trendy phrase meaning 'Scalable Innovation' but with more corporate flair.,"Scalable Innovation is a corporate buzzword used to sound forward-thinking and important. It often implies big change, innovation, or transformation, but usually means doing the same work with new labels. Executives love to use it in meetings to appear visionary while saying very little.",Let's leverage scalable innovation next quarter to maximize impact and drive growth.,"corporate, strategy, management, buzzword"
Strategic Ambiguity,A trendy phrase meaning 'Strategic Ambiguity' but with more corporate flair.,"Strategic Ambiguity is a corporate buzzword used to sound forward-thinking and important. It often implies big change, innovation, or transformation, but usually means doing the same work with new labels. Executives love to use it in meetings to appear visionary while saying very little.",Let's leverage strategic ambiguity next quarter to maximize impact and drive growth.,"corporate, strategy, management, buzzword"
Influencer Ecosystem,A trendy phrase meaning 'Influencer Ecosystem' but with more corporate flair.,"Influencer Ecosystem is a corporate buzzword used to sound forward-thinking and important. It often implies big change, innovation, or transformation, but usually means doing the same work with new labels. Executives love to use it in meetings to appear visionary while saying very little.",Let's leverage influencer ecosystem next quarter to maximize impact and drive growth.,"corporate, strategy, management, buzzword"
Creator Economy,A trendy phrase meaning 'Creator Economy' but with more corporate flair.,"Creator Economy is a corporate buzzword used to sound forward-thinking and important. It often implies big change, innovation, or transformation, but usually means doing the same work with new labels. Executives love to use it in meetings to appear visionary while saying very little.",Let's leverage creator economy next quarter to maximize impact and drive growth.,"corporate, strategy, management, buzzword"
Earned Growth,A trendy phrase meaning 'Earned Growth' but with more corporate flair.,"Earned Growth is a corporate buzzword used to sound forward-thinking and important. It often implies big change, innovation, or transformation, but usually means doing the same work with new labels. Executives love to use it in meetings to appear visionary while saying very little.",Let's leverage earned growth next quarter to maximize impact and drive growth.,"corporate, strategy, management, buzzword"
Network Effect,A trendy phrase meaning 'Network Effect' but with more corporate flair.,"Network Effect is a corporate buzzword used to sound forward-thinking and important. It often implies big change, innovation, or transformation, but usually means doing the same work with new labels. Executives love to use it in meetings to appear visionary while saying very little.",Let's leverage network effect next quarter to maximize impact and drive growth.,"corporate, strategy, management, buzzword"
Community-Led Growth,A trendy phrase meaning 'Community-Led Growth' but with more corporate flair.,"Community-Led Growth is a corporate buzzword used to sound forward-thinking and important. It often implies big change, innovation, or transformation, but usually means doing the same work with new labels. Executives love to use it in meetings to appear visionary while saying very little.",Let's leverage community-led growth next quarter to maximize impact and drive growth.,"corporate, strategy, management, buzzword"
Always-Beta Mindset,A trendy phrase meaning 'Always-Beta Mindset' but with more corporate flair.,"Always-Beta Mindset is a corporate buzzword used to sound forward-thinking and important. It often implies big change, innovation, or transformation, but usually means doing the same work with new labels. Executives love to use it in meetings to appear visionary while saying very little.",Let's leverage always-beta mindset next quarter to maximize impact and drive growth.,"corporate, strategy, management, buzzword"
Circular Economy,A trendy phrase meaning 'Circular Economy' but with more corporate flair.,"Circular Economy is a corporate buzzword used to sound forward-thinking and important. It often implies big change, innovation, or transformation, but usually means doing the same work with new labels. Executives love to use it in meetings to appear visionary while saying very little.",Let's leverage circular economy next quarter to maximize impact and drive growth.,"corporate, strategy, management, buzzword"
Greenwashing Strategy,A trendy phrase meaning 'Greenwashing Strategy' but with more corporate flair.,"Greenwashing Strategy is a corporate buzzword used to sound forward-thinking and important. It often implies big change, innovation, or transformation, but usually means doing the same work with new labels. Executives love to use it in meetings to appear visionary while saying very little.",Let's leverage greenwashing strategy next quarter to maximize impact and drive growth.,"corporate, strategy, management, buzzword"
Carbon-Neutral Pivot,A trendy phrase meaning 'Carbon-Neutral Pivot' but with more corporate flair.,"Carbon-Neutral Pivot is a corporate buzzword used to sound forward-thinking and important. It often implies big change, innovation, or transformation, but usually means doing the same work with new labels. Executives love to use it in meetings to appear visionary while saying very little.",Let's leverage carbon-neutral pivot next quarter to maximize impact and drive growth.,"corporate, strategy, management, buzzword"
Stakeholder Capitalism,A trendy phrase meaning 'Stakeholder Capitalism' but with more corporate flair.,"Stakeholder Capitalism is a corporate buzzword used to sound forward-thinking and important. It often implies big change, innovation, or transformation, but usually means doing the same work with new labels. Executives love to use it in meetings to appear visionary while saying very little.",Let's leverage stakeholder capitalism next quarter to maximize impact and drive growth.,"corporate, strategy, management, buzzword"
Regenerative Business,A trendy phrase meaning 'Regenerative Business' but with more corporate flair.,"Regenerative Business is a corporate buzzword used to sound forward-thinking and important. It often implies big change, innovation, or transformation, but usually means doing the same work with new labels. Executives love to use it in meetings to appear visionary while saying very little.",Let's leverage regenerative business next quarter to maximize impact and drive growth.,"corporate, strategy, management, buzzword"
Platformification,A trendy phrase meaning 'Platformification' but with more corporate flair.,"Platformification is a corporate buzzword used to sound forward-thinking and important. It often implies big change, innovation, or transformation, but usually means doing the same work with new labels. Executives love to use it in meetings to appear visionary while saying very little.",Let's leverage platformification next quarter to maximize impact and drive growth.,"corporate, strategy, management, buzzword"
Talent Cloud,A trendy phrase meaning 'Talent Cloud' but with more corporate flair.,"Talent Cloud is a corporate buzzword used to sound forward-thinking and important. It often implies big change, innovation, or transformation, but usually means doing the same work with new labels. Executives love to use it in meetings to appear visionary while saying very little.",Let's leverage talent cloud next quarter to maximize impact and drive growth.,"corporate, strategy, management, buzzword"
Workforce of the Future,A trendy phrase meaning 'Workforce of the Future' but with more corporate flair.,"Workforce of the Future is a corporate buzzword used to sound forward-thinking and important. It often implies big change, innovation, or transformation, but usually means doing the same work with new labels. Executives love to use it in meetings to appear visionary while saying very little.",Let's leverage workforce of the future next quarter to maximize impact and drive growth.,"corporate, strategy, management, buzzword"
Gig Economy Play,A trendy phrase meaning 'Gig Economy Play' but with more corporate flair.,"Gig Economy Play is a corporate buzzword used to sound forward-thinking and important. It often implies big change, innovation, or transformation, but usually means doing the same work with new labels. Executives love to use it in meetings to appear visionary while saying very little.",Let's leverage gig economy play next quarter to maximize impact and drive growth.,"corporate, strategy, management, buzzword"
Quiet Quitting Strategy,A trendy phrase meaning 'Quiet Quitting Strategy' but with more corporate flair.,"Quiet Quitting Strategy is a corporate buzzword used to sound forward-thinking and important. It often implies big change, innovation, or transformation, but usually means doing the same work with new labels. Executives love to use it in meetings to appear visionary while saying very little.",Let's leverage quiet quitting strategy next quarter to maximize impact and drive growth.,"corporate, strategy, management, buzzword"
Employee Experience Design,A trendy phrase meaning 'Employee Experience Design' but with more corporate flair.,"Employee Experience Design is a corporate buzzword used to sound forward-thinking and important. It often implies big change, innovation, or transformation, but usually means doing the same work with new labels. Executives love to use it in meetings to appear visionary while saying very little.",Let's leverage employee experience design next quarter to maximize impact and drive growth.,"corporate, strategy, management, buzzword"
Culture of Belonging,A trendy phrase meaning 'Culture of Belonging' but with more corporate flair.,"Culture of Belonging is a corporate buzzword used to sound forward-thinking and important. It often implies big change, innovation, or transformation, but usually means doing the same work with new labels. Executives love to use it in meetings to appear visionary while saying very little.",Let's leverage culture of belonging next quarter to maximize impact and drive growth.,"corporate, strategy, management, buzzword"
Authenticity Play,A trendy phrase meaning 'Authenticity Play' but with more corporate flair.,"Authenticity Play is a corporate buzzword used to sound forward-thinking and important. It often implies big change, innovation, or transformation, but usually means doing the same work with new labels. Executives love to use it in meetings to appear visionary while saying very little.",Let's leverage authenticity play next quarter to maximize impact and drive growth.,"corporate, strategy, management, buzzword"
Hyperpersonalization,A trendy phrase meaning 'Hyperpersonalization' but with more corporate flair.,"Hyperpersonalization is a corporate buzzword used to sound forward-thinking and important. It often implies big change, innovation, or transformation, but usually means doing the same work with new labels. Executives love to use it in meetings to appear visionary while saying very little.",Let's leverage hyperpersonalization next quarter to maximize impact and drive growth.,"corporate, strategy, management, buzzword"
AI-Powered Decisioning,A trendy phrase meaning 'AI-Powered Decisioning' but with more corporate flair.,"AI-Powered Decisioning is a corporate buzzword used to sound forward-thinking and important. It often implies big change, innovation, or transformation, but usually means doing the same work with new labels. Executives love to use it in meetings to appear visionary while saying very little.",Let's leverage ai-powered decisioning next quarter to maximize impact and drive growth.,"corporate, strategy, management, buzzword"
Signal-to-Noise Ratio,A trendy phrase meaning 'Signal-to-Noise Ratio' but with more corporate flair.,"Signal-to-Noise Ratio is a corporate buzzword used to sound forward-thinking and important. It often implies big change, innovation, or transformation, but usually means doing the same work with new labels. Executives love to use it in meetings to appear visionary while saying very little.",Let's leverage signal-to-noise ratio next quarter to maximize impact and drive growth.,"corporate, strategy, management, buzzword"
Predictive Insights,A trendy phrase meaning 'Predictive Insights' but with more corporate flair.,"Predictive Insights is a corporate buzzword used to sound forward-thinking and important. It often implies big change, innovation, or transformation, but usually means doing the same work with new labels. Executives love to use it in meetings to appear visionary while saying very little.",Let's leverage predictive insights next quarter to maximize impact and drive growth.,"corporate, strategy, management, buzzword"
Data Lakehouse,A trendy phrase meaning 'Data Lakehouse' but with more corporate flair.,"Data Lakehouse is a corporate buzzword used to sound forward-thinking and important. It often implies big change, innovation, or transformation, but usually means doing the same work with new labels. Executives love to use it in meetings to appear visionary while saying very little.",Let's leverage data lakehouse next quarter to maximize impact and drive growth.,"corporate, strategy, management, buzzword"
Single Source of Truth,A trendy phrase meaning 'Single Source of Truth' but with more corporate flair.,"Single Source of Truth is a corporate buzzword used to sound forward-thinking and important. It often implies big change, innovation, or transformation, but usually means doing the same work with new labels. Executives love to use it in meetings to appear visionary while saying very little.",Let's leverage single source of truth next quarter to maximize impact and drive growth.,"corporate, strategy, management, buzzword"
Digital-First Mindset,A trendy phrase meaning 'Digital-First Mindset' but with more corporate flair.,"Digital-First Mindset is a corporate buzzword used to sound forward-thinking and important. It often implies big change, innovation, or transformation, but usually means doing the same work with new labels. Executives love to use it in meetings to appear visionary while saying very little.",Let's leverage digital-first mindset next quarter to maximize impact and drive growth.,"corporate, strategy, management, buzzword"
Strategic Alignment,A trendy phrase meaning 'Strategic Alignment' but with more corporate flair.,"Strategic Alignment is a corporate buzzword used to sound forward-thinking and important. It often implies big change, innovation, or transformation, but usually means doing the same work with new labels. Executives love to use it in meetings to appear visionary while saying very little.",Let's leverage strategic alignment next quarter to maximize impact and drive growth.,"corporate, strategy, management, buzzword"
Outcome Orientation,A trendy phrase meaning 'Outcome Orientation' but with more corporate flair.,"Outcome Orientation is a corporate buzzword used to sound forward-thinking and important. It often implies big change, innovation, or transformation, but usually means doing the same work with new labels. Executives love to use it in meetings to appear visionary while saying very little.",Let's leverage outcome orientation next quarter to maximize impact and drive growth.,"corporate, strategy, management, buzzword"
Return on Experience,A trendy phrase meaning 'Return on Experience' but with more corporate flair.,"Return on Experience is a corporate buzzword used to sound forward-thinking and important. It often implies big change, innovation, or transformation, but usually means doing the same work with new labels. Executives love to use it in meetings to appear visionary while saying very little.",Let's leverage return on experience next quarter to maximize impact and drive growth.,"corporate, strategy, management, buzzword"
